id,canonical,Species ID,auditory system,body mass (g),conservation status,ecoregion,geographic distribution,habitat,hearing range (Hz),hearing threshold (dB),locomotion,number of records in gbif,number of records in iNat,number of research grade records in iNat,number of specimens in ggbn,population trend
26745,Ambystoma texanum,1018152,[],,[],[],[],[],[],[],[],[],[],[],[],Stable
24379,Osteopilus dominicensis,1018724,[],,[],[],[],[],[],[],[],[],[],[],[],nan
25806,Tomopterna delalandii,1018728,[],,[],[],[],[],[],[],[],[],[],[],[],Unknown
27696,Rhyacotriton kezeri,1018733,[],,[],[],[],[],[],[],[],[],[],[],[],Stable
27500,Gyrinophilus porphyriticus,1018894,[],,[],[],[],[],[],[],[],[],[],[],[],Stable
23611,Litoria rubella,1018898,[],,[],[],[],[],[],[],[],[],[],[],[],Stable
24832,Microhyla butleri,1018911,[],,[],[],[],[],[],[],[],[],[],[],[],Stable
27409,Desmognathus brimleyorum,1018968,[],,[],[],[],[],[],[],[],[],[],[],[],Stable
27123,Eurycea lucifuga,1019113,[],,[],[],[],[],[],[],[],[],[],[],[],Unknown
27413,Desmognathus monticola,1019222,[],,[],[],[],[],[],[],[],[],[],[],[],Stable
27225,Plethodon dorsalis,1019232,[],,[],[],[],[],[],[],[],[],[],[],[],Stable
27431,Aneides ferreus,1019241,[],,[],[],[],[],[],[],[],[],[],[],[],Decreasing
25383,Phrynobatrachus natalensis,1020118,[],,[],[],[],[],[],[],[],[],[],[],[],Stable
65864,Ingerophrynus celebensis,1024245,[],,[],[],[],[],[],[],[],[],[],[],[],Stable
23968,Hyla chinensis,1025184,[],,[],[],[],[],[],[],[],[],[],[],[],Stable
25003,Breviceps fuscus,1025209,[],,[],[],[],[],[],[],[],[],[],[],[],Unknown
22973,Leptodactylus fuscus,1025412,[],,[],[],[],[],[],[],[],[],[],[],[],Stable
22084,Adelotus brevis,1037651,[],,[],[],[],[],[],[],[],[],[],[],[],Decreasing
26527,Rhacophorus reinwardtii,1037755,[],,[],[],[],[],[],[],[],[],[],[],[],Decreasing
43606,Avahi laniger,1038644,[],"(900.0, 900.0, 1094.43, 32.97, 1092.28)",[],[],[],[],[],[],[],[],[],[],[],Decreasing
26799,Amphiuma tridactylum,1038857,[],,[],[],[],[],[],[],[],[],[],[],[],Stable
24266,Pseudacris ornata,1039106,[],,[],[],[],[],[],[],[],[],[],[],[],Stable
22038,Limnodynastes dumerilii,1039124,[],,[],[],[],[],[],[],[],[],[],[],[],Stable
24501,Bombina orientalis,1039145,[],,[],[],[],[],[],[],[],[],[],[],[],Decreasing
25697,Rana graeca,1039166,[],,[],[],[],[],[],[],[],[],[],[],[],Stable
26882,Hynobius leechii,1039169,[],,[],[],[],[],[],[],[],[],[],[],[],Decreasing
64970,Anaxyrus boreas,1039204,[],,[],[],[],[],[],[],[],[],[],[],[],Decreasing
512762,Buteo trizonatus,10408811,[],,[],[],[],[],[],[],[],[],[],[],[],Stable
5376,Butastur rufipennis,1047310,[],"(383.0, 342.0)",[],[],[],[],[],[],[],[],[],[],[],Decreasing
5430,Kaupifalco monogrammicus,1047312,[],"(275.0, 340.0)",[],[],[],[],[],[],[],[],[],[],[],Stable
5165,Circus ranivorus,1047919,[],"(606.0,)",[],[],[],[],[],[],[],[],[],[],[],Decreasing
24391,Duellmanohyla rufioculis,1048030,[],,[],[],[],[],[],[],[],[],[],[],[],Stable
23027,Thoropa miliaris,1048189,[],,[],[],[],[],[],[],[],[],[],[],[],Stable
24462,Hemisus marmoratus,1048204,[],,[],[],[],[],[],[],[],[],[],[],[],Unknown
5532,Buceros rhinoceros,1048414,[],"(2330.0, 2960.0)",[],[],[],[],[],[],[],[],[],[],[],Decreasing
7058,Aythya novaeseelandiae,1048482,[],"(746.0, 742.0)",[],[],[],[],[],[],[],[],[],[],[],Increasing
7114,Chloephaga poliocephala,1048517,[],"(2327.0, 1760.0)",[],[],[],[],[],[],[],[],[],[],[],Decreasing
7178,Biziura lobata,1048541,[],"(3120.0,)",[],[],[],[],[],[],[],[],[],[],[],Decreasing
144468,Aquila spilogaster,1048925,[],,[],[],[],[],[],[],[],[],[],[],[],Decreasing
4309,Phalacrocorax neglectus,1049416,[],"(1945.0, 2425.0, 2150.0)",[],[],[],[],[],[],[],[],[],[],[],Decreasing
3069,Columba leucomela,1049687,[],"(500.0,)",[],[],[],[],[],[],[],[],[],[],[],Increasing
3623,Geophaps scripta,1049949,[],"(250.0, 250.0)",[],[],[],[],[],[],[],[],[],[],[],Decreasing
9477,Geospiza magnirostris,1050334,[],"(39.0,)",[],[],[],[],[],[],[],[],[],[],[],Stable
10090,Phrygilus atriceps,1050369,[],"(24.3,)",[],[],[],[],[],[],[],[],[],[],[],Stable
13392,Dicaeum agile,1051691,[],"(11.0,)",[],[],[],[],[],[],[],[],[],[],[],nan
518169,Sittiparus varius,1052001,[],"(18.2,)",[],[],[],[],[],[],[],[],[],[],[],nan
9083,Cardinalis cardinalis,1052070,[],"(41.0, 43.0, 47.5, 52.2)",[],[],[],[],[],[],[],[],[],[],[],Stable
9081,Cardinalis sinuatus,1052071,[],"(32.0, 44.2, 43.2)",[],[],[],[],[],[],[],[],[],[],[],Decreasing
9626,Granatellus sallaei,1052093,[],"(11.0,)",[],[],[],[],[],[],[],[],[],[],[],Decreasing
10079,Tachyphonus coronatus,1052884,[],"(33.1,)",[],[],[],[],[],[],[],[],[],[],[],Stable
9549,Tangara cyanocephala,1052901,[],"(21.6,)",[],[],[],[],[],[],[],[],[],[],[],Stable
10719,Trichothraupis melanops,1052957,[],"(29.5,)",[],[],[],[],[],[],[],[],[],[],[],Stable
12746,Turdus albicollis,1053035,[],"(54.0, 63.0)",[],[],[],[],[],[],[],[],[],[],[],Stable
423656,Lycalopex gymnocercus,1053892,[],"(4000.0, 4800.0, 3750.0, 8280.0, 3990.0)",[],[],[],[],[],[],[],[],[],[],[],Stable
36107,Urosaurus ornatus,1055103,[],"(8.52,)",[],[],[],[],[],[],[],[],[],[],[],Stable
113754,Takydromus wolteri,1055277,[],"(6.94,)",[],[],[],[],[],[],[],[],[],[],[],Stable
36149,Sceloporus torquatus,1055375,[],"(86.48,)",[],[],[],[],[],[],[],[],[],[],[],Stable
35161,Pseudechis australis,1055558,[],"(501.0, 8144.28)",[],[],[],[],[],[],[],[],[],[],[],nan
29084,Philothamnus hoplogaster,1055641,[],,[],[],[],[],[],[],[],[],[],[],[],Stable
34141,Pachydactylus maculatus,1055691,[],"(4.16,)",[],[],[],[],[],[],[],[],[],[],[],Stable
37920,Morethia boulengeri,1055813,[],"(3.53,)",[],[],[],[],[],[],[],[],[],[],[],Stable
37431,Trachylepis homalocephala,1055912,[],"(20.49,)",[],[],[],[],[],[],[],[],[],[],[],nan
31866,Amphisbaena alba,1055991,[],"(7625.55,)",[],[],[],[],[],[],[],[],[],[],[],Stable
29536,Lycodonomorphus rufulus,1056034,[],,[],[],[],[],[],[],[],[],[],[],[],Stable
31529,Lophognathus gilberti,1056060,[],"(56.83,)",[],[],[],[],[],[],[],[],[],[],[],Stable
30395,Dipsas brevifacies,1056404,[],"(78.31,)",[],[],[],[],[],[],[],[],[],[],[],Stable
98781,Ctenotus taeniolatus,1056724,[],"(10.61,)",[],[],[],[],[],[],[],[],[],[],[],nan
32861,Trioceros deremensis,1056874,[],"(102.75,)",[],[],[],[],[],[],[],[],[],[],[],Stable
37213,Chalcides striatus,1056875,[],"(242.82,)",[],[],[],[],[],[],[],[],[],[],[],Decreasing
30822,Causus defilippii,1056950,[],,[],[],[],[],[],[],[],[],[],[],[],Stable
59815,Sorex cinereus,115784,[],"(4.7, 0.28, 3.5, 4.26, 5.2)",[],[],[],[],[],[],[],[],[],[],[],Stable
17634,Campethera nubica,1177584,[],"(66.6,)",[],[],[],[],[],[],[],[],[],[],[],Stable
116950,Lybius torquatus,1177728,[],"(51.7, 59.3)",[],[],[],[],[],[],[],[],[],[],[],Decreasing
117180,Semnornis ramphastinus,1177751,[],"(111.0,)",[],[],[],[],[],[],[],[],[],[],[],Decreasing
19262,Enicognathus ferrugineus,1178006,[],"(188.0,)",[],[],[],[],[],[],[],[],[],[],[],Stable
43047,Erinaceus amurensis,1178681,[],"(435.41,)",[],[],[],[],[],[],[],[],[],[],[],Stable
44570,Rattus fuscipes,1179370,[],"(133.0, 4.5, 21.28, 133.0, 76.0)",[],[],[],[],[],[],[],[],[],[],[],Stable
67819,Arvicola amphibius,1179597,[],"(120.0, 5.86, 42.0, 120.0, 94.7)",[],[],[],[],[],[],[],[],[],[],[],Stable
560425,Malayemys macrocephala,12116629,[],,[],[],[],[],[],[],[],[],[],[],[],Decreasing
145085,Turdus simillimus,12120831,[],,[],[],[],[],[],[],[],[],[],[],[],nan
43759,Bathyergus suillus,127507,[],"(625.0, 34.0, 635.0, 33.99, 777.38)",[],[],[],[],[],[],[],[],[],[],[],Stable
41939,Ichneumia albicauda,127969,[],"(3500.0, 3150.0, 3628.4)",[],[],[],[],[],[],[],[],[],[],[],Stable
74321,Eudorcas thomsonii,129521,[],"(20500.0, 2553.75, 16300.0, 2500.0, 22907.43)",[],[],[],[],[],[],[],[],[],[],[],Decreasing
42715,Acrobates pygmaeus,129546,[],"(12.0, 14.0, 3.44, 0.01, 13.84)",[],[],[],[],[],[],[],[],[],[],[],Stable
70725,Lithobates brownorum,130700,[],,[],[],[],[],[],[],[],[],[],[],[],nan
318747,Plestiodon finitimus,21636539,[],,[],[],[],[],[],[],[],[],[],[],[],nan
34154,Pachydactylus affinis,288942,[],,[],[],[],[],[],[],[],[],[],[],[],nan
30929,Vipera aspis,289379,[],"(160.97,)",[],[],[],[],[],[],[],[],[],[],[],Decreasing
46296,Tupaia belangeri,289557,[],"(200.0, 10.0, 200.0)",[],[],[],[],[],[],[],[],[],[],[],Stable
27844,Chioglossa lusitanica,289670,[],,[],[],[],[],[],[],[],[],[],[],[],Decreasing
42228,Blastocerus dichotomus,308478,[],"(86666.0, 4200.0, 102500.0, 4199.99, 112518.53)",[],[],[],[],[],[],[],[],[],[],[],Decreasing
42961,Thylogale stigmatica,310662,[],"(4600.0, 4600.0, 4511.47)",[],[],[],[],[],[],[],[],[],[],[],Decreasing
43530,Theropithecus gelada,311178,[],"(17050.0, 464.5, 3900.0, 12242.33, 14221.0)",[],[],[],[],[],[],[],[],[],[],[],Decreasing
46217,Tamias striatus,311526,[],"(112.0, 3.5, 39.55, 95.7, 89.6)",[],[],[],[],[],[],[],[],[],[],[],Stable
225741,Neotamias canipes,311546,[],"(70.4, 70.0, 70.2)",[],[],[],[],[],[],[],[],[],[],[],nan
41886,Crocuta crocuta,311569,[],"(63000.0, 1353.33, 14500.0, 63000.0, 63000.0)",[],[],[],[],[],[],[],[],[],[],[],Decreasing
46014,Sciurus alleni,311621,[],"(435.0, 461.0, 465.14)",[],[],[],[],[],[],[],[],[],[],[],Decreasing
46180,Cynomys gunnisoni,311657,[],"(925.0, 816.67, 797.93)",[],[],[],[],[],[],[],[],[],[],[],Decreasing
225751,Neotamias rufus,311789,[],"(53.6, 53.6)",[],[],[],[],[],[],[],[],[],[],[],nan
23570,Litoria verreauxii,313208,[],,[],[],[],[],[],[],[],[],[],[],[],Decreasing
25861,Occidozyga martensii,313543,[],,[],[],[],[],[],[],[],[],[],[],[],Stable
46116,Paraxerus ochraceus,321423,[],"(104.0, 104.3)",[],[],[],[],[],[],[],[],[],[],[],Stable
46471,Sorex minutus,323672,[],"(4.5, 0.25, 7.25, 4.1, 4.73)",[],[],[],[],[],[],[],[],[],[],[],Stable
42722,Petaurus norfolcensis,323827,[],"(230.0, 70.0, 230.0)",[],[],[],[],[],[],[],[],[],[],[],Decreasing
43236,Ornithorhynchus anatinus,323858,[],"(1484.0, 1030.3, 1484.25)",[],[],[],[],[],[],[],[],[],[],[],Decreasing
43375,Callithrix aurita,323886,[],"(520.0, 435.0, 390.0, 260.0, 240.0)",[],[],[],[],[],[],[],[],[],[],[],Decreasing
43455,Macaca nemestrina,323950,[],"(6500.0, 6093.0, 476.24, 1416.5, 6133.1)",[],[],[],[],[],[],[],[],[],[],[],Decreasing
43448,Macaca radiata,323956,[],"(3690.0, 391.33, 2000.0, 3735.0, 1300.0)",[],[],[],[],[],[],[],[],[],[],[],Decreasing
43567,Otolemur crassicaudatus,324410,[],"(1500.0, 51.21, 500.0, 1143.33, 993.5)",[],[],[],[],[],[],[],[],[],[],[],Stable
45932,Petromus typicus,326378,[],"(224.0, 200.0, 224.0)",[],[],[],[],[],[],[],[],[],[],[],Stable
43712,Dasyprocta punctata,326578,[],"(2675.0, 2675.0, 22.7, 2675.0, 2309.12)",[],[],[],[],[],[],[],[],[],[],[],nan
40323,Myotis austroriparius,327252,[],"(6.8, 1.12, 7.35)",[],[],[],[],[],[],[],[],[],[],[],Stable
40908,Pteropus scapulatus,327294,[],"(443.0, 443.0, 362.0, 380.35)",[],[],[],[],[],[],[],[],[],[],[],Unknown
41124,Chrotopterus auritus,327367,[],"(73.0, 87.0, 101.0, 78.0, 75.0)",[],[],[],[],[],[],[],[],[],[],[],Stable
47049,Parascalops breweri,327374,[],"(51.0, 10.1, 34.77, 50.18, 6.69)",[],[],[],[],[],[],[],[],[],[],[],Stable
46994,Scapanus latimanus,327376,[],"(55.0, 52.0, 62.46)",[],[],[],[],[],[],[],[],[],[],[],Stable
41090,Glossophaga soricina,327431,[],"(9.1, 11.0, 18.0, 6.0, 19.0)",[],[],[],[],[],[],[],[],[],[],[],Stable
40523,Lasiurus cinereus,327564,[],"(25.3, 25.3, 25.3, 9.71, 5.12)",[],[],[],[],[],[],[],[],[],[],[],Unknown
40281,Myotis emarginatus,327583,[],"(7.7, 7.7, 7.56)",[],[],[],[],[],[],[],[],[],[],[],Stable
74204,Corynorhinus rafinesquii,327666,[],"(9.1, 2.45, 9.15)",[],[],[],[],[],[],[],[],[],[],[],Increasing
47062,Orycteropus afer,327830,[],"(52350.0, 1734.0, 6250.0, 60000.0, 48000.0)",[],[],[],[],[],[],[],[],[],[],[],Unknown
41387,Balantiopteryx plicata,327842,[],"(6.4, 6.4, 2.0, 6.57)",[],[],[],[],[],[],[],[],[],[],[],Unknown
41147,Macrotus californicus,327875,[],"(11.6, 11.7, 2.52, 11.83)",[],[],[],[],[],[],[],[],[],[],[],Stable
41301,Tadarida brasiliensis,327954,[],"(12.5, 12.5, 12.5, 13.3, 11.52)",[],[],[],[],[],[],[],[],[],[],[],Stable
43145,Lepus townsendii,327968,[],"(1555.0, 94.32, 737.0, 3035.5, 2523.2)",[],[],[],[],[],[],[],[],[],[],[],Decreasing
180001,Urocitellus parryii,327988,[],"(760.0, 751.0, 11.0, 747.09)",[],[],[],[],[],[],[],[],[],[],[],Unknown
42056,Vulpes bengalensis,327994,[],"(2726.0, 58.5, 1800.0, 58.49, 2514.4)",[],[],[],[],[],[],[],[],[],[],[],Decreasing
43353,Tapirus terrestris,328009,[],"(220000.0, 221000.0, 218000.0, 222000.0, 219000.0)",[],[],[],[],[],[],[],[],[],[],[],Decreasing
41774,Eira barbara,328036,[],"(5.05, 6000.0, 5435.0, 6600.0, 4200.0)",[],[],[],[],[],[],[],[],[],[],[],Decreasing
41824,Galictis cuja,328037,[],"(1360.0, 755.0, 525.0, 695.0, 1600.0)",[],[],[],[],[],[],[],[],[],[],[],Unknown
42122,Phacochoerus africanus,328332,[],"(82500.0, 82499.99)",[],[],[],[],[],[],[],[],[],[],[],Decreasing
42138,Potamochoerus larvatus,328334,[],"(62.5, 97500.0, 69063.79)",[],[],[],[],[],[],[],[],[],[],[],Stable
25603,Rana zhenhaiensis,328412,[],,[],[],[],[],[],[],[],[],[],[],[],Unknown
43840,Zapus hudsonius,328465,[],"(17.1, 0.82, 7.8, 18.25, 26.1)",[],[],[],[],[],[],[],[],[],[],[],Stable
43848,Napaeozapus insignis,328468,[],"(22.3, 0.96, 8.9, 21.33, 21.8)",[],[],[],[],[],[],[],[],[],[],[],Stable
42657,Didelphis aurita,328503,[],"(1295.0, 1050.0, 1270.0, 259.0, 908.0)",[],[],[],[],[],[],[],[],[],[],[],Stable
47107,Myrmecophaga tridactyla,328523,[],"(22333.0, 22333.0, 1491.17, 28500.0, 30600.0)",[],[],[],[],[],[],[],[],[],[],[],Decreasing
44104,Dipodomys simulans,328555,[],,[],[],[],[],[],[],[],[],[],[],[],Unknown
42220,Odocoileus hemionus,328651,[],"(54213.0, 2952.67, 19516.67, 55766.67, 23900.0)",[],[],[],[],[],[],[],[],[],[],[],Stable
42223,Odocoileus virginianus,328652,[],"(55509.0, 55509.0, 3154.67, 33631.33, 59500.0)",[],[],[],[],[],[],[],[],[],[],[],Stable
855311,Nyctereutes procyonoides,328684,[],"(4040.0, 87.92, 825.0, 4232.0, 734.84)",[],[],[],[],[],[],[],[],[],[],[],Stable
42087,Cerdocyon thous,328685,[],"(8.2, 2300.0, 7.25, 7200.0, 6240.0)",[],[],[],[],[],[],[],[],[],[],[],Stable
42328,Kobus ellipsiprymnus,328724,[],"(210000.0, 9000.0, 175333.33, 100000.0, 12000.0)",[],[],[],[],[],[],[],[],[],[],[],Decreasing
64973,Anaxyrus cognatus,329299,[],,[],[],[],[],[],[],[],[],[],[],[],Unknown
65987,Lithobates heckscheri,329300,[],,[],[],[],[],[],[],[],[],[],[],[],Stable
67188,Smilisca fodiens,329325,[],,[],[],[],[],[],[],[],[],[],[],[],Stable
67105,Rhinella crucifer,330798,[],,[],[],[],[],[],[],[],[],[],[],[],Decreasing
67185,Silverstoneia flotator,331009,[],,[],[],[],[],[],[],[],[],[],[],[],Decreasing
66020,Lithobates yavapaiensis,331016,[],,[],[],[],[],[],[],[],[],[],[],[],Decreasing
326305,Arthroleptis stenodactylus,331018,[],,[],[],[],[],[],[],[],[],[],[],[],Unknown
42332,Hippotragus equinus,331075,[],"(269998.0, 15166.67, 242000.0, 16412.18, 264173.96)",[],[],[],[],[],[],[],[],[],[],[],Decreasing
42336,Pelea capreolus,331081,[],"(20000.0, 25000.0, 22731.33, 19400.0)",[],[],[],[],[],[],[],[],[],[],[],Decreasing
27818,Taricha torosa,331137,[],,[],[],[],[],[],[],[],[],[],[],[],Unknown
26699,Spea bombifrons,331285,[],,[],[],[],[],[],[],[],[],[],[],[],Stable
65373,Dendropsophus microcephalus,331400,[],,[],[],[],[],[],[],[],[],[],[],[],Increasing
26691,Scaphiopus couchii,332453,[],,[],[],[],[],[],[],[],[],[],[],[],Stable
27163,Plethodon angusticlavius,332929,[],,[],[],[],[],[],[],[],[],[],[],[],Stable
556645,Pelophylax lessonae,332998,[],,[],[],[],[],[],[],[],[],[],[],[],"Decreasing, Decreasing"
25411,Cacosternum boettgeri,333194,[],,[],[],[],[],[],[],[],[],[],[],[],Unknown
26555,Polypedates maculatus,333298,[],,[],[],[],[],[],[],[],[],[],[],[],Stable
27726,Salamandra salamandra,333311,[],"(19.1,)",[],[],[],[],[],[],[],[],[],[],[],Decreasing
25094,Hamptophryne boliviana,333376,[],,[],[],[],[],[],[],[],[],[],[],[],Stable
65212,Craugastor augusti,333441,[],,[],[],[],[],[],[],[],[],[],[],[],Stable
24994,Breviceps montanus,334471,[],,[],[],[],[],[],[],[],[],[],[],[],Unknown
64985,Anaxyrus quercicus,336165,[],,[],[],[],[],[],[],[],[],[],[],[],Stable
23455,Afrixalus fornasini,337448,[],,[],[],[],[],[],[],[],[],[],[],[],Unknown
42380,Ourebia ourebi,344589,[],"(17250.0, 2235.0, 17500.0, 2196.14, 17186.09)",[],[],[],[],[],[],[],[],[],[],[],Decreasing
180008,Otospermophilus variegatus,347435,[],"(692.0, 7.8, 100.0, 663.03, 7.8)",[],[],[],[],[],[],[],[],[],[],[],Stable
43138,Lepus tolai,355415,[],"(1589.0, 110.0, 2110.0, 1589.0)",[],[],[],[],[],[],[],[],[],[],[],Unknown
528911,Nebulifera robusta,36578866,[],"(12.6,)",[],[],[],[],[],[],[],[],[],[],[],nan
339674,Ceratopipra erythrocephala,40333679,[],,[],[],[],[],[],[],[],[],[],[],[],Stable
318695,Holcosus septemlineatus,42375379,[],"(16.75,)",[],[],[],[],[],[],[],[],[],[],[],nan
1368519,Saimiri cassiquiarensis,42539865,[],,[],[],[],[],[],[],[],[],[],[],[],Unknown
64387,Paramesotriton hongkongensis,4357897,[],,[],[],[],[],[],[],[],[],[],[],[],Decreasing
339693,Aegithalos glaucogularis,4384697,[],,[],[],[],[],[],[],[],[],[],[],[],nan
1067750,Sturnira parvidens,4438705,[],,[],[],[],[],[],[],[],[],[],[],[],Stable
73903,Phoenicolacerta troodica,4505346,[],,[],[],[],[],[],[],[],[],[],[],[],Stable
74443,Hydrochoerus isthmius,45293656,[],"(21267.32,)",[],[],[],[],[],[],[],[],[],[],[],Unknown
343021,Anguis fragilis,453239,[],"(485.56,)",[],[],[],[],[],[],[],[],[],[],[],Stable
26916,Contia tenuis,454890,[],"(34.42,)",[],[],[],[],[],[],[],[],[],[],[],Stable
20535,Crypturellus soui,45508936,[],"(268.0, 204.0)",[],[],[],[],[],[],[],[],[],[],[],Decreasing
20553,Crypturellus cinnamomeus,45508937,[],"(448.0,)",[],[],[],[],[],[],[],[],[],[],[],Decreasing
4146,Oceanites oceanicus,45509003,[],"(30.0, 39.0, 35.0)",[],[],[],[],[],[],[],[],[],[],[],Stable
4793,Charadrius vociferus,45509159,[],"(96.0, 109.0, 121.0)",[],[],[],[],[],[],[],[],[],[],[],Decreasing
4535,Anous stolidus,45509255,[],"(138.7, 178.0, 198.0)",[],[],[],[],[],[],[],[],[],[],[],Stable
4345,Larus occidentalis,45509295,[],"(761.0, 923.0)",[],[],[],[],[],[],[],[],[],[],[],Increasing
144531,Sternula superciliaris,45509319,[],"(57.0,)",[],[],[],[],[],[],[],[],[],[],[],Stable
4569,Phaetusa simplex,45509335,[],"(275.0,)",[],[],[],[],[],[],[],[],[],[],[],Stable
3117,Patagioenas flavirostris,45509384,[],"(343.0,)",[],[],[],[],[],[],[],[],[],[],[],Decreasing
3544,Columbina inca,45509408,[],"(57.0,)",[],[],[],[],[],[],[],[],[],[],[],Increasing
6364,Selasphorus flammula,45509660,[],,[],[],[],[],[],[],[],[],[],[],[],Stable
73106,Notharchus hyperrhynchus,45509698,[],,[],[],[],[],[],[],[],[],[],[],[],Decreasing
18204,Melanerpes erythrocephalus,45509726,[],"(79.38, 72.0, 90.5)",[],[],[],[],[],[],[],[],[],[],[],Decreasing
18206,Melanerpes chrysogenys,45509732,[],"(70.3, 87.3)",[],[],[],[],[],[],[],[],[],[],[],Stable
8912,Cotinga nattererii,45509870,[],,[],[],[],[],[],[],[],[],[],[],[],Decreasing
8847,Procnias tricarunculatus,45509872,[],"(233.0,)",[],[],[],[],[],[],[],[],[],[],[],Decreasing
8520,Nucifraga columbiana,45509998,[],"(137.0, 123.0)",[],[],[],[],[],[],[],[],[],[],[],Stable
7576,Thryomanes bewickii,45510093,[],"(10.0, 11.8)",[],[],[],[],[],[],[],[],[],[],[],Stable
7562,Troglodytes aedon,45510121,[],"(14.175, 11.0, 13.0, 12.1, 13.4)",[],[],[],[],[],[],[],[],[],[],[],nan
14891,Toxostoma bendirei,45510160,[],"(74.6,)",[],[],[],[],[],[],[],[],[],[],[],Decreasing
15035,Melanotis caerulescens,45510169,[],,[],[],[],[],[],[],[],[],[],[],[],Decreasing
12953,Myadestes melanops,45510196,[],"(32.1,)",[],[],[],[],[],[],[],[],[],[],[],Decreasing
12716,Turdus merula,45510215,[],"(103.0,)",[],[],[],[],[],[],[],[],[],[],[],nan
12707,Turdus pilaris,45510218,[],"(106.0, 128.0)",[],[],[],[],[],[],[],[],[],[],[],Stable
12764,Turdus rufitorques,45510232,[],"(74.0,)",[],[],[],[],[],[],[],[],[],[],[],Decreasing
9771,Pinicola enucleator,45510265,[],"(56.0, 62.0)",[],[],[],[],[],[],[],[],[],[],[],Decreasing
9612,Leucosticte australis,45510274,[],"(31.7,)",[],[],[],[],[],[],[],[],[],[],[],Decreasing
9639,Carpodacus erythrinus,45510276,[],"(21.6, 24.0, 33.0, 32.0)",[],[],[],[],[],[],[],[],[],[],[],Decreasing
199841,Haemorhous purpureus,45510333,[],,[],[],[],[],[],[],[],[],[],[],[],Decreasing
145300,Acanthis flammea,45510341,[],,[],[],[],[],[],[],[],[],[],[],[],Decreasing
145310,Spinus tristis,45510354,[],,[],[],[],[],[],[],[],[],[],[],[],Increasing
145308,Spinus psaltria,45510355,[],,[],[],[],[],[],[],[],[],[],[],[],Decreasing
10243,Icteria virens,45510390,[],"(25.8, 27.7)",[],[],[],[],[],[],[],[],[],[],[],Stable
10506,Dacnis cayana,45510440,[],"(15.5,)",[],[],[],[],[],[],[],[],[],[],[],Stable
9832,Diglossa plumbea,45510459,[],"(10.1,)",[],[],[],[],[],[],[],[],[],[],[],Stable
890,Bonasa umbellus,45510621,[],"(644.0, 531.0, 498.0, 498.0, 566.0)",[],[],[],[],[],[],[],[],[],[],[],Decreasing
1264,Centrocercus urophasianus,45510625,[],"(3628.8, 1901.0, 1693.0)",[],[],[],[],[],[],[],[],[],[],[],Decreasing
1078,Tympanuchus pallidicinctus,45510632,[],"(762.0, 730.0)",[],[],[],[],[],[],[],[],[],[],[],Decreasing
19765,Megascops asio,45510723,[],"(166.0,)",[],[],[],[],[],[],[],[],[],[],[],Decreasing
19975,Athene cunicularia,45510745,[],,[],[],[],[],[],[],[],[],[],[],[],Decreasing
472766,Falco tinnunculus,45510788,[],"(183.0, 260.0, 257.0)",[],[],[],[],[],[],[],[],[],[],[],Decreasing
4665,Falco sparverius,45510789,[],"(115.0, 163.0, 156.0)",[],[],[],[],[],[],[],[],[],[],[],Stable
19182,Aratinga weddellii,45510835,[],"(129.0,)",[],[],[],[],[],[],[],[],[],[],[],Increasing
17009,Sayornis saya,45510888,[],"(25.7985, 21.0, 24.1)",[],[],[],[],[],[],[],[],[],[],[],Increasing
16079,Contopus sordidulus,45510894,[],"(14.9,)",[],[],[],[],[],[],[],[],[],[],[],Decreasing
16782,Tyrannus tyrannus,45510931,[],"(45.36000000000001, 35.7, 54.7, 45.8)",[],[],[],[],[],[],[],[],[],[],[],Decreasing
12024,Lanius ludovicianus,45510944,[],"(52.0, 58.5)",[],[],[],[],[],[],[],[],[],[],[],Decreasing
15256,Chamaea fasciata,45510959,[],"(18.0, 17.0)",[],[],[],[],[],[],[],[],[],[],[],Stable
7497,Polioptila californica,45510968,[],"(7.0, 6.4, 6.8)",[],[],[],[],[],[],[],[],[],[],[],Decreasing
13851,Passer montanus,45511015,[],"(17.5, 21.0, 22.0, 25.0)",[],[],[],[],[],[],[],[],[],[],[],Decreasing
10373,Molothrus ater,45511159,[],"(42.5, 57.3, 42.3)",[],[],[],[],[],[],[],[],[],[],[],Decreasing
9602,Quiscalus quiscula,45511164,[],"(105.0, 142.0, 124.0)",[],[],[],[],[],[],[],[],[],[],[],Decreasing
10585,Calamospiza melanocorys,45511179,[],"(42.525000000000006, 38.0, 51.5)",[],[],[],[],[],[],[],[],[],[],[],Decreasing
9152,Spizella pusilla,45511210,[],"(13.0, 15.3)",[],[],[],[],[],[],[],[],[],[],[],Decreasing
10168,Pooecetes gramineus,45511216,[],"(24.0975, 28.35, 21.5, 26.0, 26.5)",[],[],[],[],[],[],[],[],[],[],[],Decreasing
73172,Peucaea aestivalis,45511228,[],,[],[],[],[],[],[],[],[],[],[],[],Decreasing
4191,Phoebetria palpebrata,45511271,[],"(3148.0, 3600.0)",[],[],[],[],[],[],[],[],[],[],[],Decreasing
4636,Fregata minor,45511364,[],"(1274.0, 1662.0, 1350.0)",[],[],[],[],[],[],[],[],[],[],[],Decreasing
4765,Coragyps atratus,45511378,[],"(1884.0,)",[],[],[],[],[],[],[],[],[],[],[],Increasing
13632,Baeolophus bicolor,45511434,[],,[],[],[],[],[],[],[],[],[],[],[],Increasing
144815,Poecile atricapillus,45511438,[],"(11.340000000000002, 10.3, 12.9)",[],[],[],[],[],[],[],[],[],[],[],Increasing
11970,Stelgidopteryx serripennis,45511464,[],"(18.3,)",[],[],[],[],[],[],[],[],[],[],[],nan
5235,Buteogallus meridionalis,45511548,[],"(808.0,)",[],[],[],[],[],[],[],[],[],[],[],Stable
11114,Lochmias nematura,45511693,[],"(24.5,)",[],[],[],[],[],[],[],[],[],[],[],Decreasing
10834,Xiphocolaptes promeropirhynchus,45511708,[],"(126.0,)",[],[],[],[],[],[],[],[],[],[],[],Decreasing
11586,Lepidocolaptes leucogaster,45511720,[],"(39.2,)",[],[],[],[],[],[],[],[],[],[],[],Decreasing
16972,Camptostoma obsoletum,45511751,[],"(10.0,)",[],[],[],[],[],[],[],[],[],[],[],Stable
16623,Empidonax atriceps,45511817,[],"(9.3,)",[],[],[],[],[],[],[],[],[],[],[],Decreasing
11972,Stelgidopteryx ruficollis,45511873,[],"(16.0, 19.0)",[],[],[],[],[],[],[],[],[],[],[],Stable
367693,Cassiculus melanicterus,45511898,[],,[],[],[],[],[],[],[],[],[],[],[],Decreasing
9351,Icterus chrysater,45511905,[],"(61.5,)",[],[],[],[],[],[],[],[],[],[],[],Decreasing
9523,Melozone kieneri,45511933,[],"(41.0,)",[],[],[],[],[],[],[],[],[],[],[],Decreasing
2071,Penelope montagnii,45512027,[],"(840.0,)",[],[],[],[],[],[],[],[],[],[],[],Decreasing
54549,Pygoscelis antarcticus,45512078,[],"(4435.0, 3876.0)",[],[],[],[],[],[],[],[],[],[],[],Decreasing
3813,Spheniscus demersus,45512089,[],"(3133.0, 2960.0, 2960.0, 3310.0)",[],[],[],[],[],[],[],[],[],[],[],Decreasing
980019,Theristicus branickii,45512143,[],"(1492.0,)",[],[],[],[],[],[],[],[],[],[],[],Decreasing
19568,Hydropsalis climacocerca,45512210,[],"(52.0,)",[],[],[],[],[],[],[],[],[],[],[],Stable
5612,Phaethornis ruber,45512240,[],"(2.4,)",[],[],[],[],[],[],[],[],[],[],[],Decreasing
6350,Lophornis ornatus,45512269,[],"(2.3,)",[],[],[],[],[],[],[],[],[],[],[],Stable
5947,Thalurania glaucopis,45512292,[],"(4.8,)",[],[],[],[],[],[],[],[],[],[],[],Unknown
5920,Heliodoxa aurescens,45512341,[],"(6.4,)",[],[],[],[],[],[],[],[],[],[],[],Decreasing
6228,Coeligena helianthea,45512376,[],"(6.3, 7.0)",[],[],[],[],[],[],[],[],[],[],[],Unknown
6023,Lesbia victoriae,45512418,[],"(5.3,)",[],[],[],[],[],[],[],[],[],[],[],Stable
18513,Selenidera maculirostris,45512566,[],"(164.0, 193.0)",[],[],[],[],[],[],[],[],[],[],[],Decreasing
4729,Ibycter americanus,45512584,[],"(665.0,)",[],[],[],[],[],[],[],[],[],[],[],Decreasing
17174,Tachuris rubrigastra,45513091,[],"(9.5,)",[],[],[],[],[],[],[],[],[],[],[],Stable
17050,Poecilotriccus plumbeiceps,45513129,[],,[],[],[],[],[],[],[],[],[],[],[],Stable
17076,Cnemotriccus fuscatus,45513164,[],"(16.0,)",[],[],[],[],[],[],[],[],[],[],[],Decreasing
17328,Alectrurus risora,45513243,[],,[],[],[],[],[],[],[],[],[],[],[],Decreasing
16006,Myiarchus ferox,45513287,[],"(34.0,)",[],[],[],[],[],[],[],[],[],[],[],Stable
16765,Attila rufus,45513301,[],"(51.5,)",[],[],[],[],[],[],[],[],[],[],[],Decreasing
14306,Chiroxiphia caudata,45513334,[],"(30.0,)",[],[],[],[],[],[],[],[],[],[],[],Stable
9296,Euphonia pectoralis,45513422,[],"(14.4,)",[],[],[],[],[],[],[],[],[],[],[],Decreasing
69696,Chrysomus ruficapillus,45513481,[],,[],[],[],[],[],[],[],[],[],[],[],Stable
2229,Merops orientalis,45513612,[],"(15.0, 16.0)",[],[],[],[],[],[],[],[],[],[],[],Increasing
144243,Picus viridis,45513622,[],"(176.0, 190.0)",[],[],[],[],[],[],[],[],[],[],[],Increasing
12038,Lanius collurio,45513628,[],"(27.0, 28.0, 34.0, 33.5)",[],[],[],[],[],[],[],[],[],[],[],Decreasing
7384,Ammomanes deserti,45513645,[],"(24.0, 26.6)",[],[],[],[],[],[],[],[],[],[],[],Increasing
117054,Phylloscopus trochiloides,45513675,[],"(8.0, 8.7)",[],[],[],[],[],[],[],[],[],[],[],nan
117097,Regulus ignicapilla,45513684,[],,[],[],[],[],[],[],[],[],[],[],[],Stable
13075,Luscinia luscinia,45513704,[],"(34.1,)",[],[],[],[],[],[],[],[],[],[],[],Stable
12910,Saxicola caprata,45513720,[],"(15.0, 17.0)",[],[],[],[],[],[],[],[],[],[],[],Stable
12832,Oenanthe leucopyga,45513728,[],"(39.0,)",[],[],[],[],[],[],[],[],[],[],[],Stable
204544,Montifringilla nivalis,45513737,[],"(40.0,)",[],[],[],[],[],[],[],[],[],[],[],nan
871,Alectoris barbara,45513760,[],"(416.0, 376.0, 461.0)",[],[],[],[],[],[],[],[],[],[],[],Decreasing
550880,Scleroptila afra,45513773,[],,[],[],[],[],[],[],[],[],[],[],[],Stable
4208,Podiceps cristatus,45513833,[],"(731.0, 813.0, 1000.0)",[],[],[],[],[],[],[],[],[],[],[],Unknown
3734,Platalea alba,45513849,[],"(1900.0,)",[],[],[],[],[],[],[],[],[],[],[],Stable
487,Fulica cristata,45513933,[],"(1080.0,)",[],[],[],[],[],[],[],[],[],[],[],Decreasing
117079,Pterocles bicinctus,45513980,[],"(280.0,)",[],[],[],[],[],[],[],[],[],[],[],Decreasing
7244,Musophaga rossae,45514005,[],"(475.0,)",[],[],[],[],[],[],[],[],[],[],[],Stable
2203,Merops hirundineus,45514071,[],"(23.6,)",[],[],[],[],[],[],[],[],[],[],[],Stable
4661,Falco dickinsoni,45514160,[],"(246.0,)",[],[],[],[],[],[],[],[],[],[],[],Stable
19055,Poicephalus meyeri,45514197,[],,[],[],[],[],[],[],[],[],[],[],[],Stable
19050,Poicephalus cryptoxanthus,45514198,[],"(156.0,)",[],[],[],[],[],[],[],[],[],[],[],Decreasing
12048,Lanius cabanisi,45514265,[],"(74.0, 82.0)",[],[],[],[],[],[],[],[],[],[],[],Stable
7868,Oriolus auratus,45514271,[],"(72.0,)",[],[],[],[],[],[],[],[],[],[],[],Decreasing
72731,Cisticola fulvicapilla,45514503,[],"(10.6, 9.2)",[],[],[],[],[],[],[],[],[],[],[],Stable
7729,Prinia subflava,45514519,[],"(9.0, 11.0, 9.6)",[],[],[],[],[],[],[],[],[],[],[],Stable
7730,Prinia maculosa,45514523,[],"(11.1,)",[],[],[],[],[],[],[],[],[],[],[],Decreasing
7703,Malcorus pectoralis,45514576,[],"(11.8, 10.5)",[],[],[],[],[],[],[],[],[],[],[],Stable
472770,Zosterops virens,45514647,[],,[],[],[],[],[],[],[],[],[],[],[],nan
12792,Cossypha heuglini,45514751,[],"(35.9, 44.1)",[],[],[],[],[],[],[],[],[],[],[],Stable
13272,Pogonocichla stellata,45514760,[],"(26.3,)",[],[],[],[],[],[],[],[],[],[],[],Decreasing
73224,Phoenicurus erythrogastrus,45514778,[],"(28.0, 29.0)",[],[],[],[],[],[],[],[],[],[],[],Stable
144298,Thamnolaea cinnamomeiventris,45514798,[],"(43.0,)",[],[],[],[],[],[],[],[],[],[],[],Stable
12839,Oenanthe pileata,45514809,[],"(32.5,)",[],[],[],[],[],[],[],[],[],[],[],Stable
12821,Oenanthe lugens,45514820,[],"(22.0, 25.0)",[],[],[],[],[],[],[],[],[],[],[],nan
145187,Cinnyris talatala,45514918,[],"(15.0, 13.0)",[],[],[],[],[],[],[],[],[],[],[],Stable
145189,Cinnyris fuscus,45514920,[],"(10.0, 11.0)",[],[],[],[],[],[],[],[],[],[],[],Stable
13920,Sporopipes frontalis,45514938,[],"(21.6,)",[],[],[],[],[],[],[],[],[],[],[],Stable
13820,Ploceus xanthops,45514956,[],"(40.0, 50.0)",[],[],[],[],[],[],[],[],[],[],[],Stable
14012,Vidua regia,45515053,[],"(15.0, 13.8)",[],[],[],[],[],[],[],[],[],[],[],Stable
204449,Vidua paradisaea,45515054,[],"(21.8, 19.0)",[],[],[],[],[],[],[],[],[],[],[],Stable
14104,Macronyx croceus,45515072,[],"(55.0,)",[],[],[],[],[],[],[],[],[],[],[],Stable
144659,Coracias naevius,45515101,[],"(200.0,)",[],[],[],[],[],[],[],[],[],[],[],Decreasing
2264,Coracias cyanogaster,45515104,[],"(178.0,)",[],[],[],[],[],[],[],[],[],[],[],Decreasing
8399,Batis molitor,45515128,[],"(14.0, 14.0)",[],[],[],[],[],[],[],[],[],[],[],Stable
8454,Platysteira cyanea,45515149,[],"(17.0,)",[],[],[],[],[],[],[],[],[],[],[],Stable
8446,Tchagra australis,45515178,[],"(45.8,)",[],[],[],[],[],[],[],[],[],[],[],Stable
73475,Tchagra senegalus,45515181,[],,[],[],[],[],[],[],[],[],[],[],[],Stable
8217,Laniarius bicolor,45515204,[],"(65.0, 57.0)",[],[],[],[],[],[],[],[],[],[],[],Decreasing
116868,Chaetops aurantius,45515255,[],"(55.0,)",[],[],[],[],[],[],[],[],[],[],[],Decreasing
144764,Calendulauda sabota,45515315,[],,[],[],[],[],[],[],[],[],[],[],[],Increasing
144768,Calendulauda albescens,45515319,[],,[],[],[],[],[],[],[],[],[],[],[],Decreasing
204473,Calandrella cinerea,45515359,[],"(24.0, 26.3)",[],[],[],[],[],[],[],[],[],[],[],nan
11896,Hirundo smithii,45515382,[],"(12.0, 15.0)",[],[],[],[],[],[],[],[],[],[],[],Increasing
144795,Cecropis abyssinica,45515395,[],,[],[],[],[],[],[],[],[],[],[],[],Increasing
144797,Cecropis senegalensis,45515397,[],,[],[],[],[],[],[],[],[],[],[],[],Increasing
116798,Acrocephalus gracilirostris,45515417,[],"(16.2,)",[],[],[],[],[],[],[],[],[],[],[],Stable
201178,Iduna caligata,45515430,[],,[],[],[],[],[],[],[],[],[],[],[],Increasing
15302,Sylvia borin,45515463,[],"(24.8, 18.0, 24.7)",[],[],[],[],[],[],[],[],[],[],[],Decreasing
14926,Lamprotornis pulcher,45515518,[],"(74.0, 76.0)",[],[],[],[],[],[],[],[],[],[],[],Stable
14978,Onychognathus tristramii,45515531,[],"(131.0,)",[],[],[],[],[],[],[],[],[],[],[],Stable
12735,Turdus viscivorus,45515575,[],"(117.0, 134.0, 140.0)",[],[],[],[],[],[],[],[],[],[],[],Decreasing
14115,Plocepasser mahali,45515578,[],,[],[],[],[],[],[],[],[],[],[],[],Stable
14030,Uraeginthus cyanocephalus,45515669,[],"(10.8,)",[],[],[],[],[],[],[],[],[],[],[],Stable
558618,Crithagra sulphurata,45515733,[],,[],[],[],[],[],[],[],[],[],[],[],Stable
558619,Crithagra striolata,45515741,[],,[],[],[],[],[],[],[],[],[],[],[],Stable
5367,Gyps himalayensis,45515797,[],"(12000.0,)",[],[],[],[],[],[],[],[],[],[],[],Stable
5401,Torgos tracheliotos,45515802,[],,[],[],[],[],[],[],[],[],[],[],[],Decreasing
5231,Terathopius ecaudatus,45515806,[],"(2198.0, 3000.0)",[],[],[],[],[],[],[],[],[],[],[],Decreasing
144460,Micronisus gabar,45515816,[],"(230.0,)",[],[],[],[],[],[],[],[],[],[],[],Stable
3340,Treron waalia,45515853,[],"(268.0,)",[],[],[],[],[],[],[],[],[],[],[],Decreasing
979665,Coracias benghalensis,45515856,[],"(166.0, 176.0)",[],[],[],[],[],[],[],[],[],[],[],Increasing
6969,Anas gracilis,45515921,[],"(670.0, 602.0)",[],[],[],[],[],[],[],[],[],[],[],Decreasing
1026,Tetrao urogallus,45515932,[],"(5216.400000000001, 4010.0, 2716.0, 5050.0, 1920.0)",[],[],[],[],[],[],[],[],[],[],[],Decreasing
585,Tetraogallus tibetanus,45515944,[],"(1750.0, 1600.0)",[],[],[],[],[],[],[],[],[],[],[],Stable
880,Gallus sonneratii,45516016,[],"(790.0, 1136.0)",[],[],[],[],[],[],[],[],[],[],[],Decreasing
3914,Gallinago hardwickii,45516163,[],"(178.0, 182.0)",[],[],[],[],[],[],[],[],[],[],[],Decreasing
3045,Columba leuconota,45516182,[],,[],[],[],[],[],[],[],[],[],[],[],Stable
144646,Ceyx azureus,45516502,[],,[],[],[],[],[],[],[],[],[],[],[],Decreasing
367535,Psilopogon zeylanicus,45516512,[],,[],[],[],[],[],[],[],[],[],[],[],Stable
367550,Micropternus brachyurus,45516609,[],,[],[],[],[],[],[],[],[],[],[],[],Decreasing
13456,Orthonyx temminckii,45516702,[],"(70.5, 58.0)",[],[],[],[],[],[],[],[],[],[],[],Decreasing
7920,Pachycephala rufiventris,45516830,[],,[],[],[],[],[],[],[],[],[],[],[],Decreasing
8277,Dicrurus macrocercus,45516856,[],"(59.0,)",[],[],[],[],[],[],[],[],[],[],[],Unknown
204523,Hypothymis azurea,45516872,[],"(13.4,)",[],[],[],[],[],[],[],[],[],[],[],nan
980037,Yuhina flavicollis,45517286,[],"(22.0,)",[],[],[],[],[],[],[],[],[],[],[],Unknown
512092,Sturnia pagodarum,45517412,[],,[],[],[],[],[],[],[],[],[],[],[],Unknown
145031,Copsychus fulicatus,45517421,[],,[],[],[],[],[],[],[],[],[],[],[],nan
979677,Cyornis tickelliae,45517450,[],,[],[],[],[],[],[],[],[],[],[],[],nan
13091,Enicurus scouleri,45517519,[],"(16.0, 18.6)",[],[],[],[],[],[],[],[],[],[],[],Stable
13092,Enicurus leschenaulti,45517524,[],"(53.4,)",[],[],[],[],[],[],[],[],[],[],[],Stable
72667,Chloropsis jerdoni,45517590,[],,[],[],[],[],[],[],[],[],[],[],[],Stable
13709,Anthus rufulus,45517658,[],"(22.0, 22.7)",[],[],[],[],[],[],[],[],[],[],[],Stable
20504,Dromaius novaehollandiae,45517716,[],"(34119.0, 48000.0, 46500.0)",[],[],[],[],[],[],[],[],[],[],[],Stable
1692,Centropus phasianinus,45517808,[],,[],[],[],[],[],[],[],[],[],[],[],Stable
1850,Cacomantis flabelliformis,45517832,[],"(65.0,)",[],[],[],[],[],[],[],[],[],[],[],Stable
12063,Malurus elegans,45518064,[],"(11.5, 11.5)",[],[],[],[],[],[],[],[],[],[],[],Decreasing
13510,Sericornis frontalis,45518109,[],,[],[],[],[],[],[],[],[],[],[],[],Decreasing
13540,Smicrornis brevirostris,45518114,[],"(6.5,)",[],[],[],[],[],[],[],[],[],[],[],Decreasing
13494,Gerygone igata,45518116,[],"(8.0,)",[],[],[],[],[],[],[],[],[],[],[],Stable
13471,Acanthiza reguloides,45518127,[],"(9.3,)",[],[],[],[],[],[],[],[],[],[],[],Decreasing
13470,Acanthiza nana,45518131,[],,[],[],[],[],[],[],[],[],[],[],[],Decreasing
13522,Aphelocephala leucopsis,45518135,[],,[],[],[],[],[],[],[],[],[],[],[],Decreasing
8077,Artamus personatus,45518166,[],"(41.0,)",[],[],[],[],[],[],[],[],[],[],[],Stable
8076,Artamus minor,45518170,[],"(20.9,)",[],[],[],[],[],[],[],[],[],[],[],Stable
204497,Cracticus torquatus,45518176,[],,[],[],[],[],[],[],[],[],[],[],[],nan
979682,Daphoenositta chrysoptera,45518206,[],"(14.5,)",[],[],[],[],[],[],[],[],[],[],[],nan
144743,Carterornis leucotis,45518253,[],,[],[],[],[],[],[],[],[],[],[],[],Stable
144761,Heteromyias cinereifrons,45518279,[],"(40.5,)",[],[],[],[],[],[],[],[],[],[],[],nan
14167,Petroica rosea,45518319,[],"(11.5,)",[],[],[],[],[],[],[],[],[],[],[],Decreasing
14172,Petroica rodinogaster,45518320,[],"(10.3, 12.5)",[],[],[],[],[],[],[],[],[],[],[],Decreasing
438022,Petroica boodang,45518325,[],,[],[],[],[],[],[],[],[],[],[],[],nan
14169,Petroica goodenovii,45518326,[],"(8.9,)",[],[],[],[],[],[],[],[],[],[],[],Stable
7806,Climacteris rufus,45518380,[],,[],[],[],[],[],[],[],[],[],[],[],Decreasing
7802,Climacteris picumnus,45518381,[],,[],[],[],[],[],[],[],[],[],[],[],Decreasing
12443,Myzomela sanguinolenta,45518396,[],"(10.0, 11.0)",[],[],[],[],[],[],[],[],[],[],[],Stable
12237,Acanthorhynchus superciliosus,45518421,[],"(11.0, 11.8)",[],[],[],[],[],[],[],[],[],[],[],Decreasing
12526,Lichmera indistincta,45518437,[],"(14.0, 15.0)",[],[],[],[],[],[],[],[],[],[],[],nan
12641,Phylidonyris pyrrhopterus,45518441,[],,[],[],[],[],[],[],[],[],[],[],[],Stable
12329,Philemon corniculatus,45518465,[],"(136.0, 103.0)",[],[],[],[],[],[],[],[],[],[],[],Stable
508981,Nesoptilotis leucotis,45518478,[],,[],[],[],[],[],[],[],[],[],[],[],Decreasing
508972,Bolemoreus frenatus,45518515,[],,[],[],[],[],[],[],[],[],[],[],[],Stable
370402,Stomiopera unicolor,45518545,[],,[],[],[],[],[],[],[],[],[],[],[],Stable
12305,Meliphaga lewinii,45518572,[],"(40.0, 43.0)",[],[],[],[],[],[],[],[],[],[],[],Decreasing
13532,Pardalotus striatus,45518589,[],,[],[],[],[],[],[],[],[],[],[],[],Decreasing
14492,Pomatostomus temporalis,45518594,[],"(75.0,)",[],[],[],[],[],[],[],[],[],[],[],Decreasing
14069,Neochmia temporalis,45518763,[],"(14.6, 11.4)",[],[],[],[],[],[],[],[],[],[],[],Stable
4805,Charadrius tricollaris,45518782,[],"(31.0, 38.0)",[],[],[],[],[],[],[],[],[],[],[],Unknown
14658,Spizixos semitorques,45518816,[],"(31.0, 46.0)",[],[],[],[],[],[],[],[],[],[],[],Stable
1630,Centropus superciliosus,45518917,[],"(149.0,)",[],[],[],[],[],[],[],[],[],[],[],Stable
20012,Athene brama,45518942,[],"(114.0,)",[],[],[],[],[],[],[],[],[],[],[],Stable
73849,Liolaemus nitidus,457783,[],"(27.47,)",[],[],[],[],[],[],[],[],[],[],[],Stable
29351,Natrix maura,458673,[],"(383.77,)",[],[],[],[],[],[],[],[],[],[],[],Decreasing
29310,Nerodia rhombifer,458709,[],"(1305.76, 1586.76)",[],[],[],[],[],[],[],[],[],[],[],Stable
30953,Trimeresurus stejnegeri,461491,[],"(540.39,)",[],[],[],[],[],[],[],[],[],[],[],Stable
517053,Sclerophrys gutturalis,46324029,[],,[],[],[],[],[],[],[],[],[],[],[],Increasing
517047,Sclerophrys mauritanica,46324031,[],,[],[],[],[],[],[],[],[],[],[],[],Stable
476523,Papurana daemeli,46395720,[],,[],[],[],[],[],[],[],[],[],[],[],Stable
111451,Python natalensis,47045657,[],,[],[],[],[],[],[],[],[],[],[],[],Decreasing
717903,Masticophis lateralis,47046718,[],,[],[],[],[],[],[],[],[],[],[],[],nan
60348,Lampropeltis nigra,47046733,[],,[],[],[],[],[],[],[],[],[],[],[],Stable
38008,Eutropis multifasciata,47048109,[],"(60.75,)",[],[],[],[],[],[],[],[],[],[],[],nan
43523,Chlorocebus aethiops,47049742,[],"(4155.0, 337.79, 1036.5, 3732.64, 4676.0)",[],[],[],[],[],[],[],[],[],[],[],Stable
201113,Lalage melanoptera,47363684,[],,[],[],[],[],[],[],[],[],[],[],[],Stable
539892,Liodytes alleni,47364809,[],"(104.49,)",[],[],[],[],[],[],[],[],[],[],[],Stable
145338,Granatina granatina,49993742,[],,[],[],[],[],[],[],[],[],[],[],[],Stable
29508,Lycophidion capense,51507616,[],"(95.08,)",[],[],[],[],[],[],[],[],[],[],[],Unknown
116872,Cincloramphus cruralis,52232836,[],,[],[],[],[],[],[],[],[],[],[],[],Stable
36316,Phrynosoma douglasii,52233471,[],"(58.52,)",[],[],[],[],[],[],[],[],[],[],[],Stable
35854,Lacerta viridis,52233844,[],"(15.7, 95.18)",[],[],[],[],[],[],[],[],[],[],[],Decreasing
30358,Dispholidus typus,52570273,[],"(3765.08,)",[],[],[],[],[],[],[],[],[],[],[],Stable
1289423,Argya striata,52571173,[],,[],[],[],[],[],[],[],[],[],[],[],nan
1289422,Argya affinis,52571190,[],,[],[],[],[],[],[],[],[],[],[],[],nan
827392,Malurus assimilis,52571401,[],,[],[],[],[],[],[],[],[],[],[],[],Stable
558436,Spatula smithii,52571564,[],,[],[],[],[],[],[],[],[],[],[],[],Increasing
558437,Spatula rhynchotis,52571565,[],,[],[],[],[],[],[],[],[],[],[],[],Stable
1289606,Urile urile,55638142,[],,[],[],[],[],[],[],[],[],[],[],[],Decreasing
1289491,Neophedina cincta,60189671,[],,[],[],[],[],[],[],[],[],[],[],[],Increasing
1289480,Curruca hortensis,60783392,[],,[],[],[],[],[],[],[],[],[],[],[],nan
1289647,Chrysuronia versicolor,60973259,[],,[],[],[],[],[],[],[],[],[],[],[],nan
1289681,Riccordia ricordii,60973381,[],,[],[],[],[],[],[],[],[],[],[],[],nan
42888,Macropus giganteus,777872,[],"(25875.0, 8124.03, 0.84, 33409.89)",[],[],[],[],[],[],[],[],[],[],[],Stable
30285,Elaphe sauromates,789879,[],,[],[],[],[],[],[],[],[],[],[],[],nan
37465,Tiliqua occipitalis,790461,[],"(952.15,)",[],[],[],[],[],[],[],[],[],[],[],nan
36281,Sceloporus clarkii,790746,[],"(88.49,)",[],[],[],[],[],[],[],[],[],[],[],Stable
37721,Saproscincus mustelinus,790762,[],"(5.14,)",[],[],[],[],[],[],[],[],[],[],[],nan
31419,Pogona barbata,790994,[],"(350.2,)",[],[],[],[],[],[],[],[],[],[],[],Stable
36315,Phrynosoma hernandesi,791084,[],"(57.01,)",[],[],[],[],[],[],[],[],[],[],[],Stable
35738,Pedioplanis lineoocellata,791188,[],"(5.21, 4.57, 5.66, 6.45, 5.46)",[],[],[],[],[],[],[],[],[],[],[],Stable
30487,Naja nivea,791402,[],,[],[],[],[],[],[],[],[],[],[],[],Stable
32864,Chamaeleo chamaeleon,791828,[],"(112.22,)",[],[],[],[],[],[],[],[],[],[],[],Stable
29764,Lamprophis aurora,792545,[],,[],[],[],[],[],[],[],[],[],[],[],Stable
29808,Lampropeltis alterna,792665,[],"(1228.48,)",[],[],[],[],[],[],[],[],[],[],[],Stable
29976,Helicops angulatus,793377,[],"(383.77,)",[],[],[],[],[],[],[],[],[],[],[],Stable
38992,Tropidurus catalanensis,793919,[],"(70.52,)",[],[],[],[],[],[],[],[],[],[],[],Unknown
29273,Oligodon arnensis,794028,[],,[],[],[],[],[],[],[],[],[],[],[],Stable
62797,Gambelia wislizenii,794585,[],"(96.83,)",[],[],[],[],[],[],[],[],[],[],[],Stable
33155,Gambelia sila,794628,[],"(58.52,)",[],[],[],[],[],[],[],[],[],[],[],Decreasing
35990,Gallotia stehlini,794629,[],"(1694.32,)",[],[],[],[],[],[],[],[],[],[],[],Stable
73801,Plestiodon septentrionalis,794676,[],"(15.54,)",[],[],[],[],[],[],[],[],[],[],[],Stable
32055,Elgaria multicarinata,794874,[],"(31.5, 104.61)",[],[],[],[],[],[],[],[],[],[],[],Decreasing
30268,Coelognathus flavolineatus,794916,[],"(2264.6,)",[],[],[],[],[],[],[],[],[],[],[],Stable
68339,Elaphe climacophora,794923,[],"(3113.0,)",[],[],[],[],[],[],[],[],[],[],[],nan
33297,Cyrtodactylus quadrivirgatus,795132,[],"(7.48,)",[],[],[],[],[],[],[],[],[],[],[],nan
31226,Ctenophorus pictus,795256,[],"(9.99,)",[],[],[],[],[],[],[],[],[],[],[],nan
31244,Ctenophorus fionni,795262,[],"(20.78,)",[],[],[],[],[],[],[],[],[],[],[],nan
27236,Chironius fuscus,795391,[],"(3113.0,)",[],[],[],[],[],[],[],[],[],[],[],Stable
33002,Furcifer verrucosus,795473,[],"(415.91,)",[],[],[],[],[],[],[],[],[],[],[],Stable
35046,Cacophis squamulosus,795541,[],"(41.7, 160.97)",[],[],[],[],[],[],[],[],[],[],[],nan
559131,Sanzinia madagascariensis,795591,[],"(6107.27,)",[],[],[],[],[],[],[],[],[],[],[],Stable
32093,Boa constrictor,795595,[],"(3532.0, 36038.76)",[],[],[],[],[],[],[],[],[],[],[],Decreasing
27919,Atractus crassicaudatus,795659,[],,[],[],[],[],[],[],[],[],[],[],[],Stable
26159,Alligator mississippiensis,796029,[],"(1079.0, 1273780.3)",[],[],[],[],[],[],[],[],[],[],[],Increasing
33142,Crotaphytus vestigium,815814,[],"(61.61,)",[],[],[],[],[],[],[],[],[],[],[],Stable
31150,Agama atra,815907,[],"(63.27,)",[],[],[],[],[],[],[],[],[],[],[],nan
93486,Afrogecko porphyreus,815938,[],"(2.86,)",[],[],[],[],[],[],[],[],[],[],[],nan
5365,Gyps coprotheres,912805,[],"(8185.0, 8575.0)",[],[],[],[],[],[],[],[],[],[],[],Decreasing
5174,Circus maurus,913086,[],"(760.0,)",[],[],[],[],[],[],[],[],[],[],[],Decreasing
5261,Aviceda subcristata,913095,[],"(448.0, 357.0)",[],[],[],[],[],[],[],[],[],[],[],Stable
458,Aramides saracura,913159,[],"(540.0,)",[],[],[],[],[],[],[],[],[],[],[],Decreasing
8079,Artamus fuscus,914102,[],"(42.0,)",[],[],[],[],[],[],[],[],[],[],[],Stable
144469,Hieraaetus wahlbergi,914154,[],,[],[],[],[],[],[],[],[],[],[],[],Stable
6976,Anas sparsa,914434,[],"(1156.0, 1055.0)",[],[],[],[],[],[],[],[],[],[],[],Decreasing
96386,Cacomantis passerinus,914639,[],,[],[],[],[],[],[],[],[],[],[],[],Stable
1224,Ptilopachus petrosus,915013,[],"(198.0,)",[],[],[],[],[],[],[],[],[],[],[],Stable
472799,Bambusicola sonorivox,915214,[],,[],[],[],[],[],[],[],[],[],[],[],Decreasing
5150,Hieraaetus morphnoides,915251,[],"(774.0, 810.0, 1120.0)",[],[],[],[],[],[],[],[],[],[],[],Stable
460,Aramides ypecaha,915456,[],"(860.0, 765.0)",[],[],[],[],[],[],[],[],[],[],[],Decreasing
8705,Pachyramphus castaneus,916590,[],"(21.0,)",[],[],[],[],[],[],[],[],[],[],[],Stable
8909,Cotinga cayana,916697,[],"(73.0,)",[],[],[],[],[],[],[],[],[],[],[],Decreasing
8269,Dicrurus forficatus,917085,[],"(55.0,)",[],[],[],[],[],[],[],[],[],[],[],Unknown
14881,Mimus longicaudatus,918913,[],"(79.0,)",[],[],[],[],[],[],[],[],[],[],[],Unknown
14610,Pycnonotus luteolus,919962,[],"(43.0,)",[],[],[],[],[],[],[],[],[],[],[],Stable
604225,Pycnonotus plumosus,919968,[],,[],[],[],[],[],[],[],[],[],[],[],nan
14635,Alophoixus pallidus,920462,[],"(52.0,)",[],[],[],[],[],[],[],[],[],[],[],nan
12781,Turdus fuscater,922670,[],"(162.0,)",[],[],[],[],[],[],[],[],[],[],[],Stable
28948,Pseudaspis cana,962419,[],,[],[],[],[],[],[],[],[],[],[],[],Unknown
29073,Philothamnus semivariegatus,962581,[],"(887.57,)",[],[],[],[],[],[],[],[],[],[],[],Unknown
29550,Lycodon travancoricus,963127,[],,[],[],[],[],[],[],[],[],[],[],[],Unknown
31236,Ctenophorus isolepis,963761,[],"(6.532, 6.853, 6.685, 5.819, 6.784)",[],[],[],[],[],[],[],[],[],[],[],nan
31299,Bronchocela jubata,964195,[],"(77.56,)",[],[],[],[],[],[],[],[],[],[],[],Stable
43115,Sylvilagus audubonii,970831,[],"(890.0, 34.5, 909.38, 686.9, 34.36)",[],[],[],[],[],[],[],[],[],[],[],Decreasing
